text,label,label_id,emotion
WHY THE FUCK IS BAYLESS ISOING,anger,2,anger
To make her feel threatened,fear,4,fear
OmG pEyToN iSn'T gOoD eNoUgH tO hElP uS iN tHe PlAyOfFs! Dumbass Broncos fans circa December 2015.,surprise,5,surprise
Fucking coward.,anger,2,anger
Stupidly stubborn / stubbornly stupid,anger,2,anger
"Troll, bro. They know they're saying stupid shit. The motherfucker does nothing but stink up libertarian subs talking shit",anger,2,anger
"Ok, then what the actual fuck is your plan?",anger,2,anger
Happy to be able to help.,joy,0,joy
Pretty sure I’ve seen this. He swings away with the harness he is wearing. Still looks painful but I think he lives,sadness,3,sadness
sorry [NAME]! 😘😘😘,sadness,3,sadness
my brain hurts...,sadness,3,sadness
I love Rocket Love and Blasted. I just wonder who the songs were written for because these are all reference tracks except Acura Intergul,love,1,love
It's because you play against 1000 ms ping EU players that have no idea what's going on. Happy hunting!,joy,0,joy
The fuck is “mog?!”,anger,2,anger
Especially that “Australia ain’t gonna cop it” ad on TV god I hate [NAME],anger,2,anger
"[NAME] dude I see [NAME] so rarely that I forget that he's the OG ""Fuck this character fuck this stupid game"" king. ",anger,2,anger
"Wow. I just read the synopsis, and that’s really what happens. ",surprise,5,surprise
I KILL YOU SCUM,anger,2,anger
You told me it was pointless to point it out. You're the idiot,anger,2,anger
Your coaching is terrible.... be ready and see how [NAME] uses [NAME],fear,4,fear
I adore this comment section <3,love,1,love
"He may have, I was more worried about the ""running and shooting the AR one handed, off to the side"".",fear,4,fear
horse meat is fucking peng i love it. why is it ok for a cow to be slaughtered for food but not a horse? ridiculous double standards,love,1,love
"No problem at all, glad I could help :) Cheers!",joy,0,joy
My [NAME]! This isnt a vaccine! It's a jello shot!,surprise,5,surprise
By [NAME]! That’s [NAME] music!,joy,0,joy
What the fuck is [NAME] doing in the background,anger,2,anger
"I'm 14 stone...so probably about 2 stone over weight. I don't drink alcohol or do drugs, but I love food.... ",love,1,love
i think its cool because its a hybrid that comes in stickshift,joy,0,joy
"I like this sub, and I like you. You're alright. ",love,1,love
I've never been there before so I can't confirm or deny but I would be really surprised if a casino only had limit holdem,surprise,5,surprise
Go pursue that education. Let [NAME] wallow in her own sadness.,sadness,3,sadness
I was suffering a delirium flu during the phantom facemask game so it’s all sorts of suffering for me.,sadness,3,sadness
She has at least 12 elbows and all of them are happy. You get it gurl,joy,0,joy
They look absolutely PERFECT together. I hope its that way in real life too. So happy for ya [NAME]!!!,joy,0,joy
"No he was given a bad team to work with unfortunately, and never got the final shot he deserved :(",sadness,3,sadness
Get him boys!,anger,2,anger
"At least you get sunny on Netflix, they took it off in Canada :(",sadness,3,sadness
I really like this photo.,love,1,love
"Here did you know that [NAME] slept with 35,000 women. Outrageous.",surprise,5,surprise
" I'm scared to even ask my mom ,I might get yelled at 😟",fear,4,fear
"Ah, victory ",joy,0,joy
I have his signature on my jersey. Lined up at Canadian Tire for it when I was younger. Happy retirement!,joy,0,joy
"""[NAME], meet [NAME]"" love that show",love,1,love
"They hated him, because he told them the truth",sadness,3,sadness
I am more than pleasantly surprised I clicked this link,surprise,5,surprise
I read fuck and not tuck. Was wondering how the hell it wasn't creepy....,surprise,5,surprise
Seeing that knife on this subreddit put the fear of [NAME] in me,fear,4,fear
"“Wow. Just .. wow. Read a book, sweatie!”",surprise,5,surprise
He will rest easy knowing how happy he made all of us,joy,0,joy
Their orange chicken is the absolute fucking bomb. I love having it on top of a nice bed of rice and veggies :D,love,1,love
"I am afraid to look, but my morbid curiosity draws me to ask.",fear,4,fear
This was potentially the most dangerous stunt I have ever seen someone do. One minor mistake and you die.,fear,4,fear
Omg so glad I’m not alone,joy,0,joy
wow! thats... a lot of water my dude was your bladder ok,surprise,5,surprise
[NAME] looked terrible that game. I was really hoping to be wrong but he came just as advertised by Hawks fans,fear,4,fear
This stresses me out way too much.,sadness,3,sadness
"Same here man, terrible feeling",fear,4,fear
Mostly because of the hype. I love going out with my friends!,love,1,love
"I’m glad things are coming to light, I pray justice is served for the victims. ",joy,0,joy
[NAME] fucking [NAME] please no,anger,2,anger
I have been doing that. The disc-to-digital thing is pretty sweet.,love,1,love
Me too. I love it!,love,1,love
"[NAME], [NAME] is the most underrated [NAME]. I love that guy. ",love,1,love
Oh my god. Don't you know it's illegal to share memes if you don't have an IQ of 16 trillion?,surprise,5,surprise
Finally gonna get together with [NAME]. Love is beautiful.,love,1,love
In shock and was more concerned about my kid tbh. Now off course I wish I'd sued the arse off her for emotional distress.,surprise,5,surprise
".5x speed. Every moment I enjoy would last longer and any time I find myself in a pickle, I'll have more time to react appropriately.",joy,0,joy
Aww yesss assalamu ‘alaykum akhi i love when i see a reflective post by you in here,love,1,love
Wow.,surprise,5,surprise
old school from back when we won the cup,joy,0,joy
I love this. Now I'm craving tacos in the morning.,love,1,love
yeah dude I love my 9(???) with the welded bump stock,love,1,love
Thank you I hate it,anger,2,anger
I was wondering that as well....,surprise,5,surprise
Everyday for the last year and a half has been very hard and I should be glad she's gone. I'm almost there.,joy,0,joy
[NAME] and his supporters are the dumbest humans in the fucking galaxy. They should be locked up for their own safety.,anger,2,anger
It’s fun until you’re looking back,joy,0,joy
"Lost my kid to the system, wanna see wha the wee lassie has tae say",sadness,3,sadness
Son of a bitch... here we go. Can't just stand there guys....,anger,2,anger
I’m rather surprised that these books are STILL being made. Like I thought they died off around 2014.,surprise,5,surprise
I like [NAME] so far but making shots that you missed in the first half aren't coaching adjustments,love,1,love
oh my [NAME],surprise,5,surprise
Okay I can see this looking really cool for a festival or photos though 😄,joy,0,joy
Its ok we all know you suck scrub.,anger,2,anger
You shouldn't force someone to come out you know. Now look at what you did! You killed [NAME]! You bastard!,anger,2,anger
I enjoyed this TED talk.,joy,0,joy
So juicy i'm surprised the man from Del Monte isn't knocking at his door.,surprise,5,surprise
Ya i hate to talk bad about don’t but they should get the sticks out of their butts and make smarter decisions for their community,anger,2,anger
"Comments like these are the biggest reason I get so pissed off about fucking centrists crying about the ""both sides"" argument. ",anger,2,anger
I know! I would absolutely do this as well. I’d love to to a AMA with him to find out more.,love,1,love
fuck atheist countries,anger,2,anger
Is your job my job? Because I don't know what it is about hardware stores that make Ppl stupid but hell are they stupid...,anger,2,anger
Company car? Oh boy he’s in trouble now.,surprise,5,surprise
This draft is one man deep tbh. Not getting Zion would be devastating and a waste of a whole year.,anger,2,anger
I miss being practically jello as a kid,sadness,3,sadness
A year ago I said that this continuous ISO by Houston is disgusting to watch. It s still disgusting.,anger,2,anger
I once looked at the I-95 and was hospitalised for weeks.,sadness,3,sadness
Because majority of moves have stupidly long names. GO INTO ANGEL PUNISHER INTO DIVE BOMB RADIANCE AND FINISH THE JOB WITH PUNISHING LIGHT BLADE,anger,2,anger
What? Who said I hated him? I dont give a damn about him either way.,anger,2,anger
I love this 😂,love,1,love
"Apologies, got a little carried away. ",sadness,3,sadness
"No offense, but your parents are assholes.",anger,2,anger
As much as I hate [NAME] I love the guy a lot,love,1,love
I'm fucking starving here.,anger,2,anger
She just needs to kiss [NAME],love,1,love
What a coincidence. I also had a Bort.,surprise,5,surprise
Eat my fuck- [NAME],anger,2,anger
Fcuk you.,anger,2,anger
Ha! I like that one.,love,1,love
I like this kid,love,1,love
Sorry. This happens to too many good people.,sadness,3,sadness
[NAME] has a fun instagram,joy,0,joy
"Funny, coming from the tool circle jerk reddit.",joy,0,joy
"I forgot context and thought you meant the band was republican, please don’t worry me like this again ",sadness,3,sadness
Why do you use your valuable time to hate? We only got time to love each other and ourselves.,love,1,love
"I read this place obsessively and didn't see it, so I'm enjoying it and upvoting it anyway",joy,0,joy
Man I love listening to [NAME] talk and I’d love to have a chat with him but he does talk some bollocks sometimes.,love,1,love
This is almost worse than Santa Con. Can we get millenials to destroy this please.,anger,2,anger
FIRE THE MEDICAL TEAM.,anger,2,anger
"if he ended up with that chef, damn that will break my heart for sure.",anger,2,anger
"Ugh, he sounds like a slob and you should leave him.",anger,2,anger
"Will see,still better for Chelsea then [NAME] who looked completely lost and devoid of any confidence lately",sadness,3,sadness
That sounds intelligent. Wonder why you don’t have a job you have to interview for.,surprise,5,surprise
so painful to watch,sadness,3,sadness
So glad to hear that! you go girl<3,joy,0,joy
Omg!! They are kinda turning [NAME] into new [NAME].,surprise,5,surprise
I like that he keeps with the Cardinals’ colors. This needs to be an alternative uniform,love,1,love
Your just killing time now.,anger,2,anger
[NAME] is having a great start to the game. Very gritty and I love it. Plz keep him.,love,1,love
The QB said they loved it,love,1,love
I'm glad :),joy,0,joy
Fucking and being a boy,anger,2,anger
food pranks really irk me 😔,anger,2,anger
I LOVE THE HIGHS TOO. At least I know tomorrow I will hate them. Is the good worth the bad? Sometimes...,love,1,love
♫ Your love for me Won't be quite the same When you take a whiff Of my hershey stains. ♫,love,1,love
"Fuck the White House, fuck McDonald’s and fuck this post.",anger,2,anger
Bitch yes!,anger,2,anger
Haha haha! Excellent,joy,0,joy
That has to be the saddest nba account ever. Like 4 likes every post :(,sadness,3,sadness
"God damn, [NAME] gets 2 Mikans? Lucky.",surprise,5,surprise
Spent time with them. Argue with them. Laugh with them. Cry with them. We all get lonely when we are old.,sadness,3,sadness
That is an exceedingly rare failure. I read an article about this guy. He was just stupid and stopped there.,anger,2,anger
"Now if you can teach her english, the real fun starts. ",joy,0,joy
Imagine if we dont trade [NAME] and [NAME] fans just kill all of us.,fear,4,fear
I can’t believe only 3 people pet the cat. Not even the cameraman pet the cat!,surprise,5,surprise
What the hell,anger,2,anger
I love [NAME],love,1,love
Which suggests nothing in itself. The same mods you claim are abusive are probably as hyperbolic about the racism issue as you are.,anger,2,anger
I like [NAME] because she hates America,love,1,love
Yes! What the hell is it with ikea? My husband and I don’t go together anymore.,anger,2,anger
Omg lala a housewife I can’t even imagine!,surprise,5,surprise
What the hell are you talking about?,anger,2,anger
"LOL top right one says ""It's MY birthday""",joy,0,joy
"Don’t rush it .... it will eventually all fall into place, Enjoy today ",joy,0,joy
If it’s fan made they deserve an award. Or money. Something. The score is strange though,surprise,5,surprise
Wow really? I watched a fair bit of KR Contenders. I guess I just wasn’t paying that much attention.,surprise,5,surprise
Rape kit test from six year old migrant girl revealed DNA from 30 men.,sadness,3,sadness
"By ranting aimlessly on the internet about it, obviously ;)",anger,2,anger
Kotaku never ceases to amaze me with the horrible decisions they make in posting stories that can ruin people's lives with no confirmation or validity.,fear,4,fear
"[NAME], He's got the name that you'd love to touch...",love,1,love
I don't feel alive anymore. I don't feel anything. I'm just numb all over. All I know is I want it to stop,sadness,3,sadness
It is. Something I've wondered about many times,surprise,5,surprise
because it's a morning ritual and i like the smell and taste,love,1,love
I'm not on it I was just wondering for the sake of knowing.,surprise,5,surprise
This hurts me.,sadness,3,sadness
Well fuck my kids then,anger,2,anger
Why the fuck do people have these conversations in public,anger,2,anger
that's why im here in the overwatch university subreddit you fucking idiot.,anger,2,anger
I love Skyline Chili but I totally understand why other people don't. Same with Imo's.,love,1,love
"I love you, as a feminist with ASD words are very hard for me and you described this so well",love,1,love
"An ex-friend of mine proclaimed than anyone who speaks of being raped is a horrible, unethical human being.",anger,2,anger
Finally something nice,joy,0,joy
I like your rant.,love,1,love
Mommy bad man!!!,surprise,5,surprise
Ive seen that move no less than 5 times and I still get irrationally angry at the Harvard rich kid,anger,2,anger
I am glad your okay.,joy,0,joy
"Weird, FBI did an investigation and proved that never happened. White knights make me cringe.",fear,4,fear
Sorry to hear that was all it got :/,sadness,3,sadness
"I love Big Brother, they make an appointment and come pick up used household goods and clothes. Easiest way to donate.",love,1,love
**I can't believe she held out for a full 24 hours before flip-flopping**,surprise,5,surprise
I'm surprised [NAME] didn't bust that dress open when she bent down to high [NAME],surprise,5,surprise
[NAME]!,anger,2,anger
"No, I don't mind all that much. I just hate being subjected to second hand carcinogens",anger,2,anger
If your enjoying your time with the other person then you are always on fun dates.,joy,0,joy
Hooray for the cancer! /s,joy,0,joy
In draft I see a lot of enchantress. Even without Enchantress if Lodestone Demolition gets 6 dmg(same as Lightning Strike) I am happy.,joy,0,joy
Samsies! I could have written the feels in this post. It's like the job I never ever wanted and got and now I've tenure,love,1,love
i hate this,anger,2,anger
Yeah it sort of sucks now.,anger,2,anger
It's all fun and games until your crush turns into a spaceship.,joy,0,joy
One of our favorite rides.,love,1,love
Wow this team has no clue what to do against this right now. There has to be 15 turnovers already.,surprise,5,surprise
I love that smile of his!!!!,love,1,love
"I freakin’ love doing this, too!!! Makes me happy for a second or two!",joy,0,joy
"Whenever I'm having a bad day, I watch a few eps of Cosmos to chill out.",joy,0,joy
I love in SoSpaHa - south of Spanish Harlem.,love,1,love
That game hurt.,sadness,3,sadness
"I have a Secrets engagement ring, I love it, cost 1/10th of a real diamond and no one can tell. Would highly recommend!",love,1,love
"""So long, [NAME]""",joy,0,joy
This version of mass destruction is by far my favorite,love,1,love
"Wow either [NAME] misspoke or I didn't hear correctly. I swear he said chainsaw, that is totally different from knife or cooking accident.",surprise,5,surprise
I love this comment,love,1,love
This is oddly wholesome. I love it.,love,1,love
Whaaaaaaat the heck was that?,anger,2,anger
"I've recently figured out I'm the perfect mix of smart ass and sweet, the ladies love it.",love,1,love
"I would never tell anyone stick is better than pad, but speaking personally, it's way more fun",joy,0,joy
Let them argue. We've never done anything remotely as bad as MOST OF THE WORLD does routinely.,anger,2,anger
" I don’t give a F F the haters F all the haters Much love, no hate Machines within, machines within",anger,2,anger
It really is! I loved everything about it. I'm so happy my friend told me about the franchise :),love,1,love
The NEW & IMPROVED Doggy Slinky!!! Everyone loves a Slinky!,love,1,love
Dude I have a verrrrry strong feeling the barber did that on purpose. Nowhere in the world is that an acceptable haircut. That’s fucked up,anger,2,anger
It's sad that we have to think of it as a miracle and not a regular occurrence :/,sadness,3,sadness
"You are the type of fellow that puts mommy in the cheap home and cashes her cheques, loyalty of a snake.",anger,2,anger
This is pretty worrying and makes me wonder why she can’t. That’s not normal.,fear,4,fear
I love [NAME].,love,1,love
He'd hate me. My standards are even higher.,anger,2,anger
"If he does well, do you guys think that's a sign that we could flip a senate seat? I like [NAME] a lot.",love,1,love
My worst fear when I finally get over someone Those damn what ifs,fear,4,fear
I hate that I like them...,anger,2,anger
Right. I’m surprised everyone thinks he’s so cute...,surprise,5,surprise
And there I was blaming the poor black lads,sadness,3,sadness
"At least he was polite - ""please"" fuck off! ",anger,2,anger
Wow. Of COURSE this happened,surprise,5,surprise
[NAME]? I'd be surprised if he plays.,surprise,5,surprise
[NAME] I hate this,anger,2,anger
"Fuck right off, it was illegal at the time so the law was being broken. Learn to live with your actions and their consequences you whiny socialists.",anger,2,anger
"Holy fuck, report this now. The fuck you doing on reddit? ",anger,2,anger
I wouldn't be surprised if the Cheetos dust was coming out of his sweat.,surprise,5,surprise
It always makes me super happy when I see stuff like this. Go live your best life girl!,joy,0,joy
Go fuck yourself.,anger,2,anger
Happy new years!!!!,joy,0,joy
Damn you and your facts.,anger,2,anger
wow! trust issues.,surprise,5,surprise
i am. This means i will move from MTN to VODACOM. and i only roam!! Wow,joy,0,joy
Exercising. Yoga. Meditation. Walks out by myself. ( walking meditation) Good friends. Time with good friends.,joy,0,joy
*losing hope Loose is what your mom is,sadness,3,sadness
Fuck that guy for game 2,anger,2,anger
The number of pedos is too damn high!,anger,2,anger
In my mind. I forgot everything :(,sadness,3,sadness
Happy little lies.,joy,0,joy
This is terrible,fear,4,fear
"Ignore him, he is a spiteful little rat who is mad because someone did something good and it reminds him how pathetic he is.",anger,2,anger
No one gives a fuck about your internet points guy,anger,2,anger
Honestly rams are my second NFC team. I wanted you to win it all since the beginning of the playoffs and I love the team even more now,love,1,love
Damn you! Now all this dirty money is flooding Frankfurt and Dublin!,anger,2,anger
That was so sad. And she kept calling for mommy the whole time. Then they ditched her with grandma.,sadness,3,sadness
You get a lot more freedom and free time. College is a blast,joy,0,joy
That's cause [NAME] really got his career ruined by injury.,sadness,3,sadness
It's literally not. I love that people believe it. I'd like to see any info showcasing it.,love,1,love
Too bad I do/,anger,2,anger
"Peace and love, my brother!",love,1,love
"Hahaha, good point",joy,0,joy
How is one not amused by that? I can't imagine being angry even if it was my lunch. lmao...,anger,2,anger
Oh wow I didn't know this policy was in place in the 70s!,surprise,5,surprise
I love lamp.,love,1,love
"Yeah, this is always my first thought when I read this kind of stuff, kinda sad to be honest ",sadness,3,sadness
"We had a clown banging on dorm windows, on campus, with a knife in 2016. Was terrifying. ",fear,4,fear
I’m pregnant and my dog is with my parents across the country while we renovate. The feels were too much 😭,sadness,3,sadness
>Rise of Agon Literally the worst fucking game that man kind has ever managed to accomplish and you call him a carebear? Fuck out of here.,anger,2,anger
oh [NAME] I unleashed the beast,fear,4,fear
No one in particular....i mean to people who believe that [NAME] and [NAME] are actually in love.,love,1,love
I love the way they make my skin feels after I use them. I also use the primer for my makeup.,love,1,love
"I wonder why the fuck out of this alive. well, there was a perfectly reasonable explanation.",anger,2,anger
[NAME] ever love the busses,love,1,love
This is actually fascinating. I actually love this. Please don't call the cops.,love,1,love
Luckiest I’ve been is getting the toy I actually wanted from a McDonald’s happy meal.,joy,0,joy
Just woke up and bull run already started.. loving the 💩 show,love,1,love
This thought brings me too much joy. The tantrum-throwing traitor has taken me to a very dark place.,joy,0,joy
Don't call me bitch you fucking sexist. I bet you are one of those white devils. How many women and minorities have you suppressed today?,anger,2,anger
"ah gotcha, you zoomed in a lot further than i expected.",surprise,5,surprise
You’ll love r/2healthbars,love,1,love
> I feel the big man deserves some love. Because people on places like /r/pcmasterrace doesn't treat him like the second coming of [NAME].,love,1,love
Doing a happy dance! Yay!,joy,0,joy
Happy Cake day!,joy,0,joy
"Really? In real life, she's wearing comfortable clothes with no makeup. Other than that she looks the same.",surprise,5,surprise
I love making peoples’ names verbs related to things they do!,love,1,love
World has Turned and Left Me Here.,sadness,3,sadness
I LOVE WALNUT CREEK,love,1,love
Stupid democrats!!!!!!!,anger,2,anger
I like the mountain of health and guts thing about shugoki. Wouldn't mind if he get even more health,love,1,love
"It saddens me that [NAME] legacy has become ""Posterboy for edgy manchilds""",sadness,3,sadness
"Dogs , unconditional love ",love,1,love
"Aww this made me tear up! Please keep posting your poems, they are so special ♥️",love,1,love
"I know what you mean and with me, I love animals. Do you have any hobbies you like to do? ",love,1,love
what a bizarre post omg,surprise,5,surprise
"No, they couldn’t hav- They shouldn’t have. uh...this makes me feel sick 🤕 ",sadness,3,sadness
Yes - sometimes I see amazingly detailed little faces. It's so weird.,joy,0,joy
Holy heckin heck,surprise,5,surprise
I want my fucking cake back.,anger,2,anger
"Cheers, [NAME]!",joy,0,joy
I love Fish Stick,love,1,love
I love the fact that [NAME] kept the nose thing for so long he had a mark for the rest of the episode,love,1,love
Loved it. Can't wait to see more.,love,1,love
"It’s my favorite Saturday movie, never gets boring",love,1,love
Its natural to fear what is unknown. Especially when someone is trying to force you to open a sketchy box while probably grinning the whole time.,fear,4,fear
"[NAME], [get_user_id] is a moron.",anger,2,anger
"Me, for example. I am very very happy.",joy,0,joy
"I was quoting him. He wanted an ""outsider rich business type"", piss off",anger,2,anger
I like how she dabs on the way down.,love,1,love
"Kinda reminds me of my Uncle, [NAME].",sadness,3,sadness
"Safety Dance in Naxxramas, WOTLK. My favorite boss fight to date",love,1,love
I love this! 🇦🇺,love,1,love
I love your username.,love,1,love
I really love all the downvotes on this posts comments cus it goes to show ppl can’t have their own opinions on things.,love,1,love
"I like [NAME]’ “I’m tired of losing, I’m not a loser”",love,1,love
Sounds like a really bad time. Just wait till you have a nice time and place to trip.,sadness,3,sadness
"That is so sad, just goes to show we have a lot more to learn about the other beings we share this rock with : /",sadness,3,sadness
I enjoy being a girl. (are shutdown memes still allowed? ...No matter. Couldn't find a decent one for this),joy,0,joy
I visibly recoiled from that.,fear,4,fear
Shocked basement leaking got you freakin lady,surprise,5,surprise
What's the fucking point of this post? Is just baseless claims with no proof to back them up.,anger,2,anger
"I am glad, and enjoy. It has some pretty cool theological discussions.",joy,0,joy
I always thought filet mignon had bacon and garlic butter. Colour me surprised Deliberately ignoring anything to do with the minion,surprise,5,surprise
This is the kind of winning I love. Winning because [NAME] has 25 and [NAME] has 29,love,1,love
"No-no-no-noooo Besides, [NAME] is not a bachelor. He is so in love with himself already",love,1,love
Well then I’d say you have a pretty good chance if it’s any girl lol,joy,0,joy
my favorite moment in the history of the show is when he thrashed that woman.,joy,0,joy
And that's an issue. Councils are *so* unrepresentative it hurts.,sadness,3,sadness
My second doc! I’m a student from Cleveland and would love any tips you guys have.,love,1,love
I very happy with my character. I took my sweet ass time picking one that I liked.,joy,0,joy
It would be hilarious if it was a pasta place too,joy,0,joy
Gotta love January.,love,1,love
I was worried about that too honestly,fear,4,fear
In the USA you won’t disappear for badmouthing the USA. That’s what I love about it.,love,1,love
Haha love it!,love,1,love
"I remember 2008-2010. Phones couldn't do that yet. Phones had 640x480 screens back then, and believe me, we were amazed by that.",joy,0,joy
I never knew this! Nuts are a total fear food for me,fear,4,fear
"They played loud music on a ‘school night’, seriously! You’re backing the bastards here just to be contrary.",anger,2,anger
hit or miss would anybody care or miss huh..? aint nobody love me and ma dad also left me yuh...,sadness,3,sadness
She should kick him out... next best thing from abortion.,anger,2,anger
"I love [NAME] as much as the next [NAME], but seriously man. Whatchu doing son?",love,1,love
"I know you can’t read this, but I feel really bad and hope you learn to read soon ",sadness,3,sadness
I love this and you,love,1,love
Nah no one can help me,sadness,3,sadness
Wait for real? That's how they met? lol that's both terrifying and completely fitting considering how nuts they both are,fear,4,fear
"Love both sports, but this is what annoys me about Boxing when compared to MMA. If this was the UFC this fight would have happened years ago",love,1,love
Same here. My refund almost doubled from last year. I almost cried when I saw how much I'm getting back.,joy,0,joy
your character's so broken!,anger,2,anger
"I wonder how that works if the seatbelt wouldn’t fit even if they were sitting in a regular seat? They only go so far, right?",surprise,5,surprise
My soul twin must be [NAME] because I’m terrified of water!,fear,4,fear
I do. but some people love it,love,1,love
They killed me [NAME]. They killed me with schlock,anger,2,anger
This is blatant racism and harassment of minors. These people need to be fired.,anger,2,anger
"I'd love it, too. Might be that I've just gotten an idea for a post.",love,1,love
Just be glad you’re not his wife,joy,0,joy
I was wondering what that was!,surprise,5,surprise
"I'm just gonna hit ""back"" now. See you guys.",joy,0,joy
My toes hurt watching this,sadness,3,sadness
"Me too, except there’s no hookup. (I’m so lonely) ",sadness,3,sadness
I like turtles,love,1,love
"That's just....sorry, but stupid is the only correct word.",sadness,3,sadness
I enjoyed that [NAME] kept saying [NAME] last name wrong over and over.,joy,0,joy
Omg lol at least now you Will be more careful before throwing out words like that. I would die.,surprise,5,surprise
Haha love it,love,1,love
I feel your pain 😪 i got scammed $1400 in November. I felt like a dumbass for falling for it too.,sadness,3,sadness
"No, I generally feel like slugging them in the head repeatedly with an iron bar. Spitting is just petty. *Let your hatred flow!*",anger,2,anger
That was painful.,sadness,3,sadness
"I love it! Guy in front can steer, can't propel. Guy in back can propel, but can't steer.",love,1,love
>he definitely doesn't value my pleasure this is very sad,sadness,3,sadness
"Guess we don't need to be afraid of hell, then, 'cause we can easily get out.",fear,4,fear
YOU SHUT YOUR MOUTH WHEN YOU’RE TALKIN’ TO ME!,anger,2,anger
Happy birthday!,joy,0,joy
"She want to take it slow, I can see that... I deal with those girls all the time, they my favorite ",joy,0,joy
That’s scary,fear,4,fear
"Threaten to release....welp , nothing coming from this.",fear,4,fear
It’s pretty cringe,fear,4,fear
BUT ATHEISTS ARE DOING THE SAME THING AND ARE TREATED BETTER. No. You're just being a bigot.,anger,2,anger
Get the fuck out,anger,2,anger
"[NAME] is so cute ^_^, the second bunny image is my favourite. Since you haven't got any requests... I request Himiko.",joy,0,joy
Who fucking cares. People have sex all the time. You're just an asshole for trying to to profit from it or ruin her.,anger,2,anger
You shut your stupid mouth troll. Thy absolutely matter,anger,2,anger
Someone get fat boy [NAME] a happy meal.,joy,0,joy
Everyone loved the Snacks trade.,love,1,love
Makes me sad at how brain damage effects boxers so much,sadness,3,sadness
Probably scared they’re gonna get flashed by a camera.,fear,4,fear
Fucking Real Madrid,anger,2,anger
"[NAME] didn’t just fight dogs, he, personally, tortured them too. He isn’t a dog fighter, he is a sociopath.",anger,2,anger
They are loving this choice in maga canada of course. Just a typical day of bigotry.,joy,0,joy
"Serious question, where was this? That looks like my ex in the green top.",anger,2,anger
Well I am happy you believe that.,joy,0,joy
You’re a vile vile person and a rapist. I hope the police are onto you.,anger,2,anger
"The double fist bump made me smile, her happiness was contagious",joy,0,joy
"I mean I dont think your wrong at all, but I would still be happy to fight you for funsies.",joy,0,joy
She refuses them by inhaling them [I'm sorry if that sounded bad plz no downvite],sadness,3,sadness
Fuuuuck that's rough,anger,2,anger
Poor poor poor bastard,anger,2,anger
You said that it is a fact that [NAME] is a rapist based on the testimony of 1 person. I merely stated the same argument based on your logic.,anger,2,anger
- But mom! I don’t wanna go to school today! - You’re going little shit.,anger,2,anger
He's been cheered for years now.,joy,0,joy
"Ugh, this fucking tumblr account. I posted about this bitch before, they wrote that [NAME] drug rehab fanfiction.",anger,2,anger
I friggin choked scrolling up to this,fear,4,fear
One of his most underrated and nostalgic songs ever. This song has a special place in my heart.,love,1,love
There is so much I want to say. Keep [NAME] close. Don't judge others. Work in love. Take love there and bring love back.,love,1,love
"As a teacher with a bunch of sick students, this scares the hell out of me.",fear,4,fear
Uhhhh... didn’t y’all just eat the light lunch that you said you wanted on your preference sheets? Shut up.,anger,2,anger
[NAME] met and fell in love with her wines I see.,love,1,love
I love this! Thanks for putting a smile on my face this morning.,love,1,love
Love [NAME] more.,love,1,love
My favorite [NAME] and she was awesome as [NAME]. I also loved her playing the opposite [NAME] to [NAME] in DS9.,love,1,love
Eh I kinda won't him less now. I like the chase,love,1,love
Unexpected Funhaus?,surprise,5,surprise
Greasy bastards are getting part of what they deserve. Some fines just don’t seem to be enough sometimes,anger,2,anger
I like surprises.,love,1,love
I would be interested in some of this stuff. Would love to see if posted here,love,1,love
Omg I love these kinds of dates. Who initiated ??,love,1,love
> ftw Awesome statistic. Made my day! Love it,joy,0,joy
"That's pretty subjective tbh. I loved [NAME] VA specially in the angry and intense scenes. [NAME] was pretty good too, but I prefer [NAME].",love,1,love
"It's not his fault, it's your wife's. Shes the one you need to be pissed at",anger,2,anger
Sad face it is,sadness,3,sadness
...holy crap.,surprise,5,surprise
You will love Happy People! Perfect to watch when you're snowed/iced in.,love,1,love
Loved that shithole base! (not being sarcastic),love,1,love
It continually amazes me how many people don't understand this.,surprise,5,surprise
"She took the fucking kids, huh?",anger,2,anger
I um like your username,love,1,love
"Who the fuck reads news *papers* anymore? Baby boomers. This kind of crap is totally written by a ""journalist"" in need of a safe place.",anger,2,anger
This hurts to watch,sadness,3,sadness
After hearing weights drop - I can't imagine they're that good for the floor....,surprise,5,surprise
Stargazing with Vi is definitely my favorite moment of the season so far,love,1,love
"[RELIGION] is what produces these people, there are plenty of them and a beheading has even occured in the streets of LONDON.",sadness,3,sadness
She must have a very boring life,sadness,3,sadness
"Yup, that's exactly what happened when the alt-right took over the sub. So glad I won't get banned for saying that now.",joy,0,joy
Wimbledon’s instagram posted about [NAME] and his relationship with the Open and I ended up crying. Not ready for him to hang it up,sadness,3,sadness
Cancel as soon as you can it’s far more enjoyable!!!!,joy,0,joy
That sounds like a lovely time :D,love,1,love
The fucking worst game in the world.,anger,2,anger
I would love to find a like minded boyfriend but I given up on that already...,love,1,love
I got mine a few months ago and honestly apprehensive to wear it out to a game in fear of staining it.,fear,4,fear
"Cheers, I will do ",joy,0,joy
I switched to Ally and love it. 2.2% interest is awesome,joy,0,joy
I love it when cats go all airplane ears,love,1,love
Cool have fun,joy,0,joy
"And when the 4th Quarter needed it most, it vanished!",surprise,5,surprise
My balls shrunk up looking at that,fear,4,fear
What have I watched ?! My eyes!!! Mom!!!,surprise,5,surprise
Yeah those glimpses of the person I fell in love with too but unfortunately the glimpses are not enough which hurts :/,sadness,3,sadness
"I know she's literally only just been revealed, but I *love* the name [NAME]",love,1,love
Pointless but fun,joy,0,joy
"don’t doubt us, we really love [NAME]",love,1,love
Wow. So I figure you two are both at least considerably older than me (24) and ...wow his response,surprise,5,surprise
I miss him...,sadness,3,sadness
Dogs are so dumb sometimes but always so good :) I love dem dumb ones,love,1,love
"I don't filter it out because I enjoy my daily cringe from the constant open letters. ""To the ____ who ____""",joy,0,joy
Happy cake day !,joy,0,joy
General malaise is a favourite. I get a lot of general malaise.,love,1,love
Feeling this so hard right now. Virtual hug.,joy,0,joy
It still seems dangerous,fear,4,fear
[NAME] damn it,anger,2,anger
FUCKING DIN!!!,anger,2,anger
This genuinely made me angry. He and his sociopath of a wife deserve each other.,anger,2,anger
I'm working on it. But there is always the fear lurking around....,fear,4,fear
He happily accepts the hugs. He hugs me now and again. He also has no problem accepting hugs from his mum.,joy,0,joy
Fucking fuck! 2 (or more) sets of fucking socks in fucking sandals.,anger,2,anger
annoyed at most,anger,2,anger
oh my [NAME],surprise,5,surprise
"Wow, I’m going to have to remember this one...",surprise,5,surprise
"The ""richest"" country in the worlds royal palace banquet hall filled with cheap mass produced junk food and they love it.",love,1,love
My favourite goes back to one of the first battles ever on YouTube:,joy,0,joy
Too right. I hate the Sun. worst tabloid out there,anger,2,anger
I hate losing to the Blackhawks like I love my wife: Intensely.,love,1,love
shut your deregulating lying mouth bill,anger,2,anger
But what if that's the only job I would enjoy?,joy,0,joy
Sad truth is you cant run away from who you are no matter how hard you try :(,sadness,3,sadness
To each their own. I enjoy it for what it is,joy,0,joy
My parents are going to kill me when they find out.,fear,4,fear
"Yay, cold McDonald's. My favorite.",love,1,love
Yeah lets celebrate that only one guy (well maybe put dirk and [NAME] up with him) has come to play.,joy,0,joy
Luckily he is not.,joy,0,joy
Outdoor cats have a lifespan of about 5 years so allowing them outside is basically a prolonged death sentence.,sadness,3,sadness
I love Ashtray,love,1,love
Tears of happiness rolls down the eyes,joy,0,joy
This is infuriating but what’s also infuriating is missing all of our chances and players being constantly in offsides positions,anger,2,anger
I'm sensitive! :'(,sadness,3,sadness
Looks like the next level of a horror character,fear,4,fear
I hate to say this but I love the drama around this all.... idk. My life is boring,anger,2,anger
I love you tooooo!!,love,1,love
"""If you don't support no go zones, you are racist!""",anger,2,anger
I love [NAME].,love,1,love
I love foreign money. I enjoy making origami from it.,joy,0,joy
Wow you’re mom is truly living by the love first motto that is [RELIGION].,love,1,love
Hooray! ...But I'll still never be able to afford a home.,sadness,3,sadness
Mrs.Frizzle has found herself on hard times.,sadness,3,sadness
You were used as a weapon to inflict pain on your father. Glad you reconnected and found a good parent.,joy,0,joy
I’m glad you did,joy,0,joy
Gotta love jetpacking.,love,1,love
"Like I said, most loved and most hated for now. We'll all get over it eventually. ",love,1,love
I'd love to hear a man explain why men do this,love,1,love
"I hate the message that's being pushed, and it's even worse that it's being pushed by this guy.",anger,2,anger
"Grey socks and leather sandals, that hurts me through the screen.",sadness,3,sadness
"I can hear [NAME] now: ""Why don't I have a mic why don't I have a mic FUCK I need a mic""",anger,2,anger
"For as long as she’s been gone, I’m terrified to think why she was kept alive that long.",fear,4,fear
Love me some Clash,love,1,love
Both consenting adults so nope not creepy,fear,4,fear
"correct me if i’m wrong but when [NAME] eliminates [NAME], she technically has a better track record than [NAME]?? i’ll fucking cry",sadness,3,sadness
Omg the hockey god’s actually helped us !?,surprise,5,surprise
Nothing more Jersey than the sound of car horns over [NAME] rambling out an annoyed answer to a caller.,anger,2,anger
The arch is so cool. I love St Louis,love,1,love
I wonder how many tries it took to get the spacing right,surprise,5,surprise
"was i replying to you, you fucking degenerate? off yourself ( in game ofc )",anger,2,anger
Happy cake day!,joy,0,joy
"You're saying some surprisingly stupid things for someone named ""[NAME].""",surprise,5,surprise
"I love HBK, but he never pulled these crazy spots off.",love,1,love
When that intro drops I get so into it and scare my cat,fear,4,fear
If your dog is an arctic breed they will go crazy with joy and be sad that you don’t share in their happiness for the bitter cold.,joy,0,joy
"Actually I love cooking and good burgers but if I don't love **you**, you'll have to pay me to make one.",love,1,love
Mom will get sad. [NAME] still good. Hanging out with friends still good. Money buying foodie exp is still good.,sadness,3,sadness
I love it when people have a background in STEM and the arts and manage to pursue both!,love,1,love
Drs hate him!,anger,2,anger
What I know is you seem perfectly comfortable being a hypocrite but utterly outraged at the idea of admitting to it.,anger,2,anger
For the night is dark and full of terrors!,fear,4,fear
Dont keep your mouth shut.,anger,2,anger
[NAME] damn what a comeback. I love this teams fight.,love,1,love
he defended [NAME] when [NAME] drugged and butt raped a 13 year old girl,anger,2,anger
I love the guy but can't see this working out well. That being said if he plays as the furthest forward of the midfield 3- who knows.,love,1,love
"Wow im glad my uncle is dead , this sounds crazy .",joy,0,joy
I have a deep seeded hatred for close-minded people too.,anger,2,anger
This is why I love baseball,love,1,love
"Such a sad, angry person. Take a break from reddit and go take up cycling or something.",anger,2,anger
Terrible... children are innocent and precious. This is so barbaric.,anger,2,anger
This is painfully fake,sadness,3,sadness
I'm sorry OP but this is all on you. Your parents played you like a $4000 fiddle.,sadness,3,sadness
Probably. Government contracts are already terrible as they rarely pay on time,fear,4,fear
I must be getting old. Much more likely to be horny at 2 pm.,sadness,3,sadness
[NAME] dammit I love wrestling,love,1,love
:) i like it,love,1,love
Ehhh but as a survivor I hate noed and hex ruin why would I run them against someone else,anger,2,anger
What an idiot.,anger,2,anger
This hit way too close to home. I’m suing for emotional damage.,sadness,3,sadness
No need for pity! It was a happy moment. Tears of joy not sadness,joy,0,joy
"Can we ban posts about him now he's a predator? It just makes me sad now, Idk about anyone else",sadness,3,sadness
22 years to the day. It was uncanny.,surprise,5,surprise
the fuck? I would do it in a heart beat. ya'll nuts if you think [NAME] will draft any better than [NAME],anger,2,anger
"Stop, your hurting me!",anger,2,anger
"Wow, *only* 7 exes. You are definitely FA.",surprise,5,surprise
The truly sad thing is she's getting burned to legitimize Russiagate. It's a shame she wasn't a legit whistleblower.,sadness,3,sadness
Hate them. I really don't need to hear about you pissing your pants in the first grade.,anger,2,anger
I did not know Donuts could be so complicated.,surprise,5,surprise
"Sadly, it looks like there are a ton of [NAME] in this sub",sadness,3,sadness
What the hell. Poor [NAME]. Poor you. Wow.,surprise,5,surprise
This is so aesthetically pleasing. Wow. And yum!,surprise,5,surprise
GIVE ME OTHER PEOPLES MONEY!!!!!,anger,2,anger
No stop. One Red and yellow team had to be sacrificed for the fortunes of the other. I’m sorry,sadness,3,sadness
[NAME] Wednesday’s 😎 Good to know he’s enjoying the retirement life. ,joy,0,joy
I don’t fucking care,anger,2,anger
Idk why you're surprised. [NAME] and [NAME] had identical philosophies. It's why the offense didn't change when he came back.,surprise,5,surprise
I have a moronphobia. I'm going to need to ask you to step away as I have an irrational fear and distaste of you.,fear,4,fear
I met her once and she ended up falling for me.,love,1,love
Wow random irrelevant internet person has the secret goods on [NAME]. Maybe we’ll finally get to the bottom of this birth certificate thing...,surprise,5,surprise
WHAT. It says due date 12/31/18. Did she have the kid yet? Oh [NAME] I feel so bad for her and that child...... nooooooo,sadness,3,sadness
* Fuck [NAME] * Yes,anger,2,anger
This made me smile so hard. I am happy for you. May we all find our own happy and worthy constellations 💕,joy,0,joy
"I was, and it's not. He's mad that someone posts articles he disagrees with. Pathetic and his fury is deranged ",anger,2,anger
I actually currently have a girlfriend and I love her. It's just that those past situations gave me trust issues for life I guess.,love,1,love
Coming from [NAME] even though it’s a hypothetical question it’s still gotta feel scary,fear,4,fear
Love it yeet,love,1,love
Exactly hate when people try to spit facts when they don’t know if those facts are even right😂😂,anger,2,anger
I think it's even sadder to go through someone's Reddit account looking for stuff like this to post.,sadness,3,sadness
I don’t think anyone will miss me either aha,sadness,3,sadness
The poor car.,sadness,3,sadness
"So happy for you, enjoy ",joy,0,joy
I love PnR,love,1,love
I love polo shirts,love,1,love
Wow 😮 you really convinced me... like gtfo here,surprise,5,surprise
I love how someone put a laughing emoji on that.,love,1,love
"5'11"" [NAME]. He's basically 6 foot, so I must be missing something here.",sadness,3,sadness
I can’t believe that’s real,surprise,5,surprise
Oi he got stabbed in the eye,sadness,3,sadness
"I'm happy however those two don't get a ring. Would be overjoyed if it was at the hands of [NAME], [NAME], and [NAME].",joy,0,joy
But everybody got mad when Russia recognized [NAME] as US president. Go figure.,anger,2,anger
This is why I love Reddit.,love,1,love
She liked the bumper sticker so much she decided to get it for herself,love,1,love
So true it hurts.,sadness,3,sadness
I love snow! It means snow days!,love,1,love
I’m feeling the same about the nets and hornets. I’m only worried the hornets can’t cover,fear,4,fear
this video made me feel like screaming,fear,4,fear
i didnt realize i was avoiding a question. i am afraid to talk to cops to be honest. even my own mother doesnt know what i saw,fear,4,fear
She was carrying all my burdens >:((,sadness,3,sadness
How dare u/Reijka92 disrespect [NAME] like that!,anger,2,anger
I love when the subreddit shows [NAME] some love! We have so many people that keep an ear to the ground for quality [NAME] content.,love,1,love
Best! Episode! Ever! There is like a joke every 20 seconds.,joy,0,joy
Welp these were my happy tears of the days. :’),joy,0,joy
"Heh, U.S. only has a partial government right now :/",sadness,3,sadness
"Thats nice to hear, glad I could help.",joy,0,joy
I'm tired i'm wasted I LOVE YOU DARLING.,love,1,love
If I haven’t told you lately...I love you and you are my hero. ❤️❤️❤️,love,1,love
my heart melted omg [NAME],love,1,love
I’m so sorry you are going through this. Sounds like an awful experience.,sadness,3,sadness
"Finally, one win for the war on drugs!",joy,0,joy
I just worked 6 hrs today and already hate it lol work just sucks. I'm not sure how other people do it.,anger,2,anger
Ya got a good life... *ya got a good life...*,joy,0,joy
"No it’s not, I can give you multiple examples of cops getting physically assaulted and not even using their guns. Stop lying.",anger,2,anger
Sadly it happens randomly and I wouldn't want to lie to someone for money if the thoughts didn't appear.,sadness,3,sadness
"I like this template, it makes me happy.",joy,0,joy
"Only thing TO know is that this motherfucker is obviously living his best birdy life and good for him. Fly high little buddy, fly high. ",anger,2,anger
"More like trash ass link. Wtf is “Apple Music”, probably some shitty limewire ripoff.",anger,2,anger
Ahhhh fond memories,joy,0,joy
Have to stay positive! I AM getting a new job I love in the field I want to work in!,love,1,love
"Yes but iy also makes complete sense that morty woild want it gone too, so i hate how he instantly assumes it was rick",anger,2,anger
Sounds painful man,sadness,3,sadness
my parents got engaged in the courtyard of [NAME] back in the 70s,joy,0,joy
I remember being three years old and feeling mortified and frustrated that my preschool teacher and classmates were freely dancing to ridiculous music.,sadness,3,sadness
This sub is turning into r/childfree so fast. I actually love kids and want to adopt someday. I want to mod this sub smh,love,1,love
"I was so scared, I thought the kid was going to backpedal into a street.",fear,4,fear
I would love if a double amputee walked in and have watched as they decline the poor fellar service,love,1,love
Don't call this baby a jerk It just loves its humans too much,love,1,love
I cannot believe a woman in her 30s has never had an orgasm. I would have tried everything on the planet to have one.,surprise,5,surprise
The frankness of this comment made me giggle,joy,0,joy
"I like [NAME], but I'd just rather spend more time with [NAME].",love,1,love
"Disgusting trash feminazis, fuck your hijab",anger,2,anger
I love this sub so much.,love,1,love
I'm sad we have you at home this year. I want to make a trip to see Allianz.,sadness,3,sadness
"Turn off your phone, computer or even the internet. It is scary to do but just for now when the urges hits.",fear,4,fear
I like it,love,1,love
This guy fucking gets it.,anger,2,anger
"Look what time it is. It's Fuck You, It's January!",surprise,5,surprise
Yep that was incredibly rude. What kind of adult sits down and decides to put that in a major magazine? Just unbelievable.,anger,2,anger
shut up LIBTARD you right now:🤯😭🥺,anger,2,anger
BREAKING NEWS: The new girl had to shred/chip a 6lb entire chub of Kentucky Gold ham today. Poor girl's arm ached the rest of the day.,sadness,3,sadness
i love casual racism,love,1,love
Scotland aren’t the best team to compare against. On their day the could debatably beat NZ on a bad day they lose to America,sadness,3,sadness
Glad to see [NAME] are finally admitting they are babies who are unable to take care of themselves.,joy,0,joy
MTV loves Indiana,love,1,love
Her Twitter checks also clearly a fucking idiot.,anger,2,anger
"you did drug her though, and assault her by undressing her and taking her photo. you committed multiple crimes. you need professional help.",anger,2,anger
So cool! Me and my sissy got the same but on our arms! On twitter!,joy,0,joy
What the fuckkkkk burn itt,anger,2,anger
Definitely my favorite reliever after Mo. loved his attitude and competitiveness.,love,1,love
I'm so sorry,sadness,3,sadness
Had a stroke reading these.,surprise,5,surprise
"Welcome to The World of... Mobile MMOs. Where power can be yours, for a price.",joy,0,joy
I’m just gonna go ahead and call bullshit on most of the details of this story.,anger,2,anger
DAMN!!!,anger,2,anger
"And a hell of a lot better receivers. [NAME], [NAME], prime [NAME], [NAME]. ",anger,2,anger
Now all we need is to beat them in the playoffs one last time and win the super bowl THEN I'll be able to be happy,joy,0,joy
"Oh, sweet. It's the gaming guy who hasn't uploaded any gaming videos yet! /s (I like him and am just poking fun)",joy,0,joy
...says the opioid addicted narcissist with multiple untreated physical and psychological ailments and is completely unable to work with anyone but his own clone.,anger,2,anger
This grammar is horrible. Discovering something is a fixed single point in history which should have been simple past “was” instead of “had been.”,fear,4,fear
"> So basically, if you're responsible with guns, you have nothing to worry about. I'm worried about *other people* not being responsible with guns.",fear,4,fear
Would I rather be feared or loved? Easy. Both. I want people to be afraid of how much they love me.,fear,4,fear
I visited NYC 2 summers ago and I have the same exact feeling as you do. Glad you liked the city just as much as I did!,joy,0,joy
"I'm saying put up or shut up. If you can't back up your point with evidence, your opinion is worthless. ",anger,2,anger
"That’s not munchausen. She has a diagnosed illness that’s a terrible, terrible one to suffer from. This is a pretty shitty reply.",fear,4,fear
I rly like trench coats Not not in that combination tho,love,1,love
"I enjoy vintage cooking porn. A young [NAME] trussing a round roast, for example. ",joy,0,joy
So so good,joy,0,joy
Fuck you I was in the bed:/,anger,2,anger
because energy drinks are the most fucked up you can get while still being sober,anger,2,anger
Is that a little poot at :09?,surprise,5,surprise
11 years goddamit I’m old,anger,2,anger
"And also, turning someone's hands into spaghetti is cruel and inhumane and not a reasonable punishment for theft.",anger,2,anger
This is so true cause I always think “are they just using me for sex?”,sadness,3,sadness
Because idiots in this sub care too much about what other people have on their screen? It only tells me that too many people on here are narcissists.,anger,2,anger
[NAME] was not childfree. He just honored his wife's (who is childfree) desires because he loved her.,love,1,love
That sounds so terrible. I'm very sorry.,sadness,3,sadness
"People are gonna end up hating Deus Ex because of this, and that's just a travesty",anger,2,anger
Fuck your shitty ass title,anger,2,anger
Because ridiculously attractive people also have self esteem issues and depression Guess what honey The world sucks for everyone There’s no escape We will all die in misery and alone,sadness,3,sadness
I love this man.,love,1,love
Possible sad tyre,sadness,3,sadness
[NAME] in Richardson gets my love.,love,1,love
felt that so hard too,sadness,3,sadness
Damn this guy just had a bad day!,sadness,3,sadness
did not know she speaks fluent Ukrainian.,surprise,5,surprise
"I'm three months old and I love Queen and Metallica, not the crap my generstion listens too.",love,1,love
"I love it, I understand they can't just get rid of [NAME] for her, but I would be so angry watching [NAME] boss her around.",love,1,love
Oh yeah. I love stepping out of the tub and putting my wet foot on COLD TILE. More like thanks I love this,love,1,love
Wow so glad [NAME] is getting it done quicker. Better for later in tourney,joy,0,joy
So did mine! And I'm now one myself. Sending a trillion hugs and props to you!,joy,0,joy
Definitely the second to be frank. I just wanna get the best deal I can on a car I’m pretty in love with.,love,1,love
Fuck that. Anyone who makes a career out of spreading bullshit to morons is worthless trash.,anger,2,anger
But milk is beta food! Who wants that girly ass shit from a boob? My child will drink bone broth and the tears of broken women!!,anger,2,anger
"Not gonna happen, pure delusion I *aggressively* call this ridiculous bluff",anger,2,anger
[NAME] [NAME] is like the 72hrs from console of course we like him wtf<3,love,1,love
I always wondered why that never happened with the “muscles from Brussels” in any of his movies.,surprise,5,surprise
Stop lying to me,anger,2,anger
The Button was amazingly fun. By far my favourite reddit memory.,joy,0,joy
And..the reality of it hurts,sadness,3,sadness
I am so sorry. My kids are the only thing keeping me going. The loneliness is agony.,sadness,3,sadness
Isn't the swastika backwards? I just love how fucking stupid racists are Can't even draw their own shit right,love,1,love
oh my gooooood,surprise,5,surprise
Ambien you are my new favortist person ever!,love,1,love
Damn don’t sell this,anger,2,anger
Good. Stay the fuck away.,anger,2,anger
I love /r/LazyMan,love,1,love
I miss [NAME],sadness,3,sadness
Oh really? I didn’t know someone else posted it haha Edit: just looked and someone posted it right after me,surprise,5,surprise
I can't believe he told that story. I'm sure the minister that released the water is now so totally regretting not asking for a bj!,surprise,5,surprise
Stranger things have happened.,surprise,5,surprise
There is a surprisingly large number of [NAME] who play.,surprise,5,surprise
She gets genuinely emotional sometimes too. I love it. So refreshing,love,1,love
You. I like you.,love,1,love
I enjoyed speaking to [NAME],joy,0,joy
I brought my love a cherrrryyyyy....,love,1,love
Hopefully you get a good bashing soon,anger,2,anger
Oh I never knew you could do that,surprise,5,surprise
Heh I love this.,love,1,love
Goosebumps had the same take on those too. Those books used to scare the shit out of me,fear,4,fear
"This is a huge stretch, but I would enjoy seeing some tweets from her hubby about it...",joy,0,joy
"Me too! So pumped! Enjoy the game, bud!",joy,0,joy
":-) Lunch with the wife on a weekday is such a special treat, even when one is under the weather.",joy,0,joy
"Yep, it's all extremely frustrating.",anger,2,anger
"I only meant it in kindness, I’ve loved this country so far. You’re all so damned friendly here",love,1,love
love you too.,love,1,love
"Gnarly ballsack is the technical term, I believe. Sadly, it's just a face beard.",sadness,3,sadness
Damn furries. We don't have animal ears!,anger,2,anger
Wow! You are close to me in age. I would never do that.,surprise,5,surprise
No joke. Physics or chemistry I can see but comp 101? I’m surprised he has the ability to find the internet,surprise,5,surprise
Shh don't spoil it for us,anger,2,anger
Sometimes you gotta hate living to love life ya feel?,love,1,love
What a fucking cunt,anger,2,anger
"For art? I think it's kind of silly, but it's also fun. Let people live :P",joy,0,joy
Well that was disheartening.,sadness,3,sadness
"Omg yes. Could you imagine? Pepperoni rolls, peach schnapps in a mason jar and beer cheese at dinner parties. Love it",love,1,love
I’m worried about [NAME] too,fear,4,fear
That head must hurt!,sadness,3,sadness
"Gotta love guarantee. You should come over to amtrak, at most crew bases it only takes two years to hold a job.",love,1,love
why wont i just fucking die,anger,2,anger
Stunning considering you have the exact same opinion.,surprise,5,surprise
I cringe when I see [NAME] playing while we’re stuck with sensitive old [NAME].,fear,4,fear
I watch it because I enjoy it,joy,0,joy
oh my [NAME] easily one of the worst sounds aaahhhhhh,surprise,5,surprise
"Not sensitive, just scared that a sub I enjoy will become divided and will have in-fighting.",joy,0,joy
My condolences.,sadness,3,sadness
"What? They all look entirely different. Yes, they are all handsome, masculine men, but that's it.",surprise,5,surprise
Yeah usually there are the c-1 but this go around this is what was handed. I like them,love,1,love
"Which is odd, he was terrible on Sunday",fear,4,fear
But that jumper looks hella cosy,joy,0,joy
Can you freak bitchhhhh,anger,2,anger
Fucking happy this jerk is still well and alive.,joy,0,joy
Well they called and said there was a pricing discrepancy and they could not honor it. 😭 sad day.,sadness,3,sadness
"As much as I like [NAME], losing [NAME] still has to hurt. He’s just so damn lovable ",love,1,love
"Shut up, [NAME]. ",anger,2,anger
So happy for [NAME]. So sad he's not here. Imagine this team with [NAME] instead of [NAME]. Ugh.,joy,0,joy
I ... I like you,love,1,love
Worse. They told us to mind our own business,anger,2,anger
"Didn’t know if you knew, so I was just trying to give context to your statement. Sorry. ",sadness,3,sadness
Oh a cat !,surprise,5,surprise
"They've actually gotten a bit worse :D Started with just a dry cough, now it's pain swallowing, stuffed nose, but the cough is now better",sadness,3,sadness
"Nah, black bears are big scaredy cats Now brown ones on the other hand...",fear,4,fear
